agent,r2_glft,r2_as,slope_glft,intercept_glft,p_value_glft,n_levels,summary,regime
iqn,0.9825033432259959,0.6412952768438464,0.12824147235776417,35.10445933129577,0.00011547607971246793,6,GLFT R²=0.983  AS R²=0.641  GLFT slope=0.128  → STRONG RECOVERY (R² > 0.6),low_vol
qrdqn,0.4998175616777672,0.7876222300620439,-0.5344308683195479,48.10056270386032,0.014982930455107636,11,GLFT R²=0.500  AS R²=0.788  GLFT slope=-0.534  → WEAK RECOVERY (R² > 0.3),low_vol
dqn,0.42084883969817627,0.6773981619711904,-0.4535393733755638,55.666784742228856,0.016453043708578707,13,GLFT R²=0.421  AS R²=0.677  GLFT slope=-0.454  → WEAK RECOVERY (R² > 0.3),low_vol
sarsa,0.14625659931061516,0.08640059362915921,0.21467172146821248,42.8538491138197,0.1771726662872308,14,GLFT R²=0.146  AS R²=0.086  GLFT slope=0.215  → NO RECOVERY (R² < 0.3),low_vol
ppo,,,0.0,60.0,,7,GLFT R²=nan  AS R²=nan  GLFT slope=0.000  → INSUFFICIENT DATA,low_vol
iqn,0.4471835728432084,0.5627986230141355,-0.22497583536774965,59.301103000011615,0.0033355169188262223,17,GLFT R²=0.447  AS R²=0.563  GLFT slope=-0.225  → WEAK RECOVERY (R² > 0.3),normal
qrdqn,0.3235698895567256,0.6299020129757347,0.13523644784052738,51.04050343940073,0.18264626900321282,7,GLFT R²=0.324  AS R²=0.630  GLFT slope=0.135  → WEAK RECOVERY (R² > 0.3),normal
dqn,0.15821540412455246,0.01796277504619818,0.051632032824215364,26.64271291607641,0.12706978618762835,16,GLFT R²=0.158  AS R²=0.018  GLFT slope=0.052  → NO RECOVERY (R² < 0.3),normal
sarsa,0.05801123694567902,0.09039611103389239,-0.11579431880439446,46.18561892727198,0.35172876848880524,17,GLFT R²=0.058  AS R²=0.090  GLFT slope=-0.116  → NO RECOVERY (R² < 0.3),normal
ppo,,,0.0,30.0,,9,GLFT R²=nan  AS R²=nan  GLFT slope=0.000  → INSUFFICIENT DATA,normal
dqn,0.44872529249121845,0.5887552623331709,-0.27900258715168375,47.870130454595014,0.02413062739994498,11,GLFT R²=0.449  AS R²=0.589  GLFT slope=-0.279  → WEAK RECOVERY (R² > 0.3),high_vol
qrdqn,0.3472415197678179,0.36398881399724314,-0.26650316352837533,42.54165471648681,0.05642767030448954,11,GLFT R²=0.347  AS R²=0.364  GLFT slope=-0.267  → WEAK RECOVERY (R² > 0.3),high_vol
iqn,0.26159540326255815,0.37943579256467364,-0.35984159018750805,73.36635508970538,0.10781477130172676,11,GLFT R²=0.262  AS R²=0.379  GLFT slope=-0.360  → NO RECOVERY (R² < 0.3),high_vol
sarsa,9.705472857218426e-05,0.0016273533282370803,0.002890752178934193,58.98375319769148,0.9770659252676113,11,GLFT R²=0.000  AS R²=0.002  GLFT slope=0.003  → NO RECOVERY (R² < 0.3),high_vol
ppo,,,0.0,60.0,,11,GLFT R²=nan  AS R²=nan  GLFT slope=0.000  → INSUFFICIENT DATA,high_vol
