agent,alpha,mean_pnl,mean_pnl_std,cvar_10,cvar_10_std,mean_sharpe,mean_sharpe_std,n_seeds
iqn,0.05,-60.04074764251709,215.0083305667298,-1501.3875198364258,1746.8261974580644,0.06501795128018838,0.26816215946984007,4
iqn,0.1,167.54175027211505,88.30136002035884,-968.8224868774414,556.9292867790012,0.27752740462274855,0.3644097145680379,4
iqn,0.25,170.9915858109792,729.2784440271178,-2559.782470703125,937.8985613118,0.11562195922952428,0.4136130497492156,4
iqn,0.5,122.82033150990804,73.16424925022595,-964.2137756347656,1030.919879710367,0.542079656076789,0.2682906611417519,4
iqn,1.0,-60.26458587646485,582.9858621249916,-2540.8350219726562,1414.4599105035522,0.25303066331910873,0.7338719937846535,4
qrdqn,0.05,638.8185808817545,571.5205267191478,-880.4800033569336,486.3897057823997,0.696345898520995,0.5711581686722893,4
qrdqn,0.1,577.3374169071516,997.2986559658827,-1944.2812194824219,2717.0499349133433,1.5768139600902475,1.8842739616056459,4
qrdqn,0.25,999.650661722819,309.13929719634297,445.19249725341797,130.05807219505039,3.893412684992908,0.2661590252743862,4
qrdqn,0.5,304.96758519013724,468.7143333470125,-23.274998664855957,395.1794364056103,1.266506192823353,1.9171344151637573,4
qrdqn,1.0,326.28383204142256,208.76124648617846,-505.1212501525879,515.7739718028413,1.6513570655044485,1.4679689280082044,4
