agent,alpha,train_seed,mean_pnl,cvar_10,pnl_std,mean_sharpe,n_episodes
iqn,0.05,42,-381.32299855550133,-3980.320068359375,1325.7027068799057,-0.32886369970535495,15
iqn,0.05,1042,38.18133341471354,-275.8500061035156,169.2155470217828,0.26484635319092314,15
iqn,0.05,2042,29.833333587646486,-274.0,185.6546816100195,0.19229647148582646,15
iqn,0.05,3042,73.14534098307291,-1475.3800048828125,778.7421194146197,0.13179268014935885,15
iqn,0.1,42,249.85500043233236,-324.2099914550781,463.8683291704982,0.7854952358715963,15
iqn,0.1,1042,232.70633138020833,-1278.5,942.1906512876396,0.25602958299894824,15
iqn,0.1,2042,66.46566759745279,-710.2650146484375,394.4338281912279,0.1381271511321035,15
iqn,0.1,3042,121.1400016784668,-1562.31494140625,779.8458530854572,-0.06954235151165405,15
iqn,0.25,42,1220.031346130371,-1478.75,1552.687772876098,0.7182905768446645,15
iqn,0.25,1042,-399.4729919433594,-3768.179931640625,1940.818346019869,-0.18547311730626556,15
iqn,0.25,2042,-234.29267845153808,-2464.52001953125,929.9427907177977,-0.11849024757284012,15
iqn,0.25,3042,97.7006675084432,-2527.679931640625,1591.9547770680997,0.04816062495253837,15
iqn,0.5,42,28.934666951497395,-1133.1300048828125,518.6291946594752,0.5398074131589915,15
iqn,0.5,1042,207.59399083455403,-2340.10009765625,810.0453823584169,0.7407275398969783,15
iqn,0.5,2042,124.51133321126302,-383.625,455.9541940609775,0.1635422364073977,15
iqn,0.5,3042,130.2413350423177,0.0,152.74426452637974,0.7242414348437883,15
iqn,1.0,42,-594.1933573404948,-3806.8701171875,1734.2941004363497,-0.2420902332011129,15
iqn,1.0,1042,655.3626708984375,-537.489990234375,756.4528878530592,1.3197704499449965,15
iqn,1.0,2042,-471.9783426920573,-3148.280029296875,1919.9368974671374,-0.21885908359281256,15
iqn,1.0,3042,169.7506856282552,-2670.699951171875,2113.2227503576473,0.15330152012536377,15
qrdqn,0.05,42,-76.12133585611979,-1543.6600341796875,830.5961797584697,-0.05843330701626941,15
qrdqn,0.05,1042,539.5956604003907,-838.239990234375,907.5665442337904,0.582494476103232,15
qrdqn,0.05,2042,1298.380000813802,-375.9100036621094,1214.9292606474323,1.0338325454766368,15
qrdqn,0.05,3042,793.4199981689453,-764.1099853515625,962.4851886415533,1.2274898795203808,15
qrdqn,0.1,42,1355.747998046875,535.614990234375,499.91654037424325,3.2600984295190734,15
qrdqn,0.1,1042,1521.8343383789063,209.3699951171875,588.311782052947,3.1561964522937047,15
qrdqn,0.1,2042,-255.7329871972402,-4819.669921875,1990.5359850479354,-0.03137244539656585,15
qrdqn,0.1,3042,-312.4996815999349,-3702.43994140625,2248.3194283650723,-0.07766659605522193,15
qrdqn,0.25,42,1297.6519856770833,616.8099975585938,297.36385778537795,4.193589515150374,15
qrdqn,0.25,1042,897.1666625976562,436.9599914550781,329.12689192830436,3.7794517420708456,15
qrdqn,0.25,2042,611.8230041503906,300.739990234375,142.68702175043114,3.5857231997639456,15
qrdqn,0.25,3042,1191.9609944661458,426.260009765625,489.3491987557556,4.014886282986465,15
qrdqn,0.5,42,-107.75399878819783,-351.7900085449219,127.68004556213266,-0.9299016530370825,15
qrdqn,0.5,1042,957.8153340657552,509.1700134277344,277.99924819960376,3.02441243607181,15
qrdqn,0.5,2042,55.09733378092448,-293.0,207.67443274631123,0.25782591213409695,15
qrdqn,0.5,3042,314.71167170206706,42.52000045776367,157.84287110946252,2.7136880761245874,15
qrdqn,1.0,42,22.785666275024415,-288.0,139.85270213419926,-0.10148875340329443,15
qrdqn,1.0,1042,497.3106658935547,-679.4650268554688,380.3281267968872,3.02323136594863,15
qrdqn,1.0,2042,409.9569962819417,-1126.3499755859375,655.4152230764608,0.9939863773434859,15
qrdqn,1.0,3042,375.0819997151693,73.33000183105469,169.9405294775929,2.6896992721289723,15
