agent,r2_glft,r2_as,slope_glft,intercept_glft,p_value_glft,n_levels,summary,alpha,train_seed
qrdqn,0.1346329663524983,0.0011131441560643,0.2054176998250462,44.16485823804935,0.3313749992077709,9,GLFT R²=0.135  AS R²=0.001  GLFT slope=0.205  → NO RECOVERY (R² < 0.3),0.05,42
qrdqn,0.2341206500689552,0.3877142977287948,-0.1548921938827532,25.246730954816183,0.0575618124479697,16,GLFT R²=0.234  AS R²=0.388  GLFT slope=-0.155  → NO RECOVERY (R² < 0.3),0.05,1042
qrdqn,0.1364883702211455,0.0192738897470571,0.481328526543046,11.020298191049084,0.3278087458447324,9,GLFT R²=0.136  AS R²=0.019  GLFT slope=0.481  → NO RECOVERY (R² < 0.3),0.05,2042
qrdqn,0.4505423971941573,0.399141636547876,-0.3955145299561278,42.397191298010256,0.0031770018321282,17,GLFT R²=0.451  AS R²=0.399  GLFT slope=-0.396  → WEAK RECOVERY (R² > 0.3),0.05,3042
qrdqn,0.8755579728330921,0.7394325814459453,-0.3469903719238785,51.13297549002983,0.0002082175885839,9,GLFT R²=0.876  AS R²=0.739  GLFT slope=-0.347  → STRONG RECOVERY (R² > 0.6),0.1,42
qrdqn,0.3427426649671828,0.1376228713811195,-0.3804800277064404,45.54318479290594,0.0455078083286373,12,GLFT R²=0.343  AS R²=0.138  GLFT slope=-0.380  → WEAK RECOVERY (R² > 0.3),0.1,1042
qrdqn,0.9236106243990124,0.9394445545016452,-0.4721345577744912,26.949321835592592,8.801838592820708e-10,17,GLFT R²=0.924  AS R²=0.939  GLFT slope=-0.472  → STRONG RECOVERY (R² > 0.6),0.1,2042
qrdqn,0.8357718427291843,0.7081744692570457,-1.0046782980986804,47.23030413100713,0.0002134940003798,10,GLFT R²=0.836  AS R²=0.708  GLFT slope=-1.005  → STRONG RECOVERY (R² > 0.6),0.1,3042
qrdqn,0.3235698895567256,0.6299020129757347,0.1352364478405273,51.04050343940073,0.1826462690032128,7,GLFT R²=0.324  AS R²=0.630  GLFT slope=0.135  → WEAK RECOVERY (R² > 0.3),0.25,42
qrdqn,0.0143783561772534,4.225675467961556e-05,-0.0359100496718109,51.59985822513356,0.7773149917450072,8,GLFT R²=0.014  AS R²=0.000  GLFT slope=-0.036  → NO RECOVERY (R² < 0.3),0.25,1042
qrdqn,0.0043938020052062,0.1405523371359852,-0.0256897666509918,54.8581141132854,0.9156641940870048,5,GLFT R²=0.004  AS R²=0.141  GLFT slope=-0.026  → NO RECOVERY (R² < 0.3),0.25,2042
qrdqn,0.0397216659817906,0.1027798220498374,0.0821666972761268,43.756491449652046,0.6683324301496326,7,GLFT R²=0.040  AS R²=0.103  GLFT slope=0.082  → NO RECOVERY (R² < 0.3),0.25,3042
qrdqn,0.7295915901246441,0.731175019561029,0.989838235351102,43.16959105389911,0.0653742394763505,5,GLFT R²=0.730  AS R²=0.731  GLFT slope=0.990  → STRONG RECOVERY (R² > 0.6),0.5,42
qrdqn,0.7663733318213958,0.4502678488560449,0.5343747402077855,64.93118406310356,0.0223108796211655,6,GLFT R²=0.766  AS R²=0.450  GLFT slope=0.534  → STRONG RECOVERY (R² > 0.6),0.5,1042
qrdqn,0.811400125419241,0.8899157633185163,-0.4793714459330462,54.52255632954275,0.0992224883916999,4,GLFT R²=0.811  AS R²=0.890  GLFT slope=-0.479  → STRONG RECOVERY (R² > 0.6),0.5,2042
qrdqn,0.1140523899259048,0.1241595482124424,-0.1918992293094736,61.99381309134478,0.6622835658042316,4,GLFT R²=0.114  AS R²=0.124  GLFT slope=-0.192  → NO RECOVERY (R² < 0.3),0.5,3042
qrdqn,0.6145820741405094,0.2472557910204518,0.0782671242462114,60.94007202071349,0.216047148011751,4,GLFT R²=0.615  AS R²=0.247  GLFT slope=0.078  → STRONG RECOVERY (R² > 0.6),1.0,42
qrdqn,0.7988887877713468,0.8953078781063603,0.2435006214598955,35.33463389113419,0.040873650186114,5,GLFT R²=0.799  AS R²=0.895  GLFT slope=0.244  → STRONG RECOVERY (R² > 0.6),1.0,1042
qrdqn,0.6199578180118611,0.9274301625779836,-0.4911623372643693,47.95835571155615,0.0355749250977412,7,GLFT R²=0.620  AS R²=0.927  GLFT slope=-0.491  → STRONG RECOVERY (R² > 0.6),1.0,2042
qrdqn,0.0457764757974972,0.0228553436343899,0.0318377900208608,75.85279717236833,0.862731220124155,3,GLFT R²=0.046  AS R²=0.023  GLFT slope=0.032  → NO RECOVERY (R² < 0.3),1.0,3042
iqn,0.2037512227471052,0.2892532794651401,0.0342447614544591,54.12245311283405,0.0792533716275878,16,GLFT R²=0.204  AS R²=0.289  GLFT slope=0.034  → NO RECOVERY (R² < 0.3),0.05,42
iqn,0.0548073777200118,0.0003118701910591,0.0003398912305035,79.99840131693554,0.6552508373351156,6,GLFT R²=0.055  AS R²=0.000  GLFT slope=0.000  → NO RECOVERY (R² < 0.3),0.05,1042
iqn,0.694682192870153,0.731728339363107,0.0528363340674415,41.81725873720144,0.0101505898435407,8,GLFT R²=0.695  AS R²=0.732  GLFT slope=0.053  → STRONG RECOVERY (R² > 0.6),0.05,2042
iqn,0.2115933272158385,0.6111395508660947,0.3724976671908253,58.65598910910915,0.2128171331227074,9,GLFT R²=0.212  AS R²=0.611  GLFT slope=0.372  → NO RECOVERY (R² < 0.3),0.05,3042
iqn,0.2898706843329028,0.1405915424173893,-0.0771898580746935,27.86106867971736,0.0576705357023862,13,GLFT R²=0.290  AS R²=0.141  GLFT slope=-0.077  → NO RECOVERY (R² < 0.3),0.1,42
iqn,0.2073158003288807,0.6560594278691526,0.1491277520588191,45.75178599961191,0.1860603773529147,10,GLFT R²=0.207  AS R²=0.656  GLFT slope=0.149  → NO RECOVERY (R² < 0.3),0.1,1042
iqn,0.445573364236265,0.8198775914707777,0.2750688409674872,63.46173007580976,0.0704989766815408,8,GLFT R²=0.446  AS R²=0.820  GLFT slope=0.275  → WEAK RECOVERY (R² > 0.3),0.1,2042
iqn,0.6540656478596794,0.505421686678329,0.2743217302938887,59.659640026487445,0.0276365177125443,7,GLFT R²=0.654  AS R²=0.505  GLFT slope=0.274  → STRONG RECOVERY (R² > 0.6),0.1,3042
iqn,0.6049866992034687,0.7618299978192269,-0.2652157994787882,61.06325647623446,0.0002370936948424,17,GLFT R²=0.605  AS R²=0.762  GLFT slope=-0.265  → STRONG RECOVERY (R² > 0.6),0.25,42
iqn,0.7788711146703563,0.7047742443491357,0.1491631928410607,16.419549061653512,0.0016275189890013,9,GLFT R²=0.779  AS R²=0.705  GLFT slope=0.149  → STRONG RECOVERY (R² > 0.6),0.25,1042
iqn,0.0732088218196785,0.2612768915845906,0.059482362086563,62.583583038201006,0.3950013797097658,12,GLFT R²=0.073  AS R²=0.261  GLFT slope=0.059  → NO RECOVERY (R² < 0.3),0.25,2042
iqn,0.2967261440852138,0.1824558041515781,0.099147958318488,79.25039854832438,0.1034858951416049,10,GLFT R²=0.297  AS R²=0.182  GLFT slope=0.099  → NO RECOVERY (R² < 0.3),0.25,3042
iqn,0.1231174256559123,0.1371542990469287,-0.0435638145731161,97.30981287507544,0.3545262510004412,9,GLFT R²=0.123  AS R²=0.137  GLFT slope=-0.044  → NO RECOVERY (R² < 0.3),0.5,42
iqn,0.3609318877254298,0.4847055378526773,-0.0085385716341764,30.329348055843173,0.013851403704216,16,GLFT R²=0.361  AS R²=0.485  GLFT slope=-0.009  → WEAK RECOVERY (R² > 0.3),0.5,1042
iqn,0.0141853583709003,0.0749139004997008,0.0015518023239682,40.333716325066725,0.7602167038612885,9,GLFT R²=0.014  AS R²=0.075  GLFT slope=0.002  → NO RECOVERY (R² < 0.3),0.5,2042
iqn,0.7294060422059514,0.6110302348747745,0.0232111087944111,70.4369273818255,0.0654461692178966,5,GLFT R²=0.729  AS R²=0.611  GLFT slope=0.023  → STRONG RECOVERY (R² > 0.6),0.5,3042
iqn,0.8377969645510791,0.6950512388117785,-0.1259113520781107,5.359900092982292,0.0005352961155187,9,GLFT R²=0.838  AS R²=0.695  GLFT slope=-0.126  → STRONG RECOVERY (R² > 0.6),1.0,42
iqn,0.7710398675583213,0.6948218986417196,-0.2508454440856147,32.22830830145848,3.581025025008112e-06,17,GLFT R²=0.771  AS R²=0.695  GLFT slope=-0.251  → STRONG RECOVERY (R² > 0.6),1.0,1042
iqn,0.838429117437268,0.2727272727272728,-0.0358712985474109,1.3738654027990391,0.0001997612674209,10,GLFT R²=0.838  AS R²=0.273  GLFT slope=-0.036  → STRONG RECOVERY (R² > 0.6),1.0,2042
iqn,0.0150600634677483,0.3123367433928006,0.1261683574646727,54.151334093941806,0.7355576581135465,10,GLFT R²=0.015  AS R²=0.312  GLFT slope=0.126  → NO RECOVERY (R² < 0.3),1.0,3042
