train_regime,test_regime,model,seed,sharpe,map,mdd,final_pnl
low_vol,high_vol,sarsa,90042,-2.552707610168233,156.07948303222656,-3556.590087890625,-2721.949951171875
low_vol,high_vol,sarsa,90043,-2.4016061157732858,176.4923095703125,-3417.860107421875,-2556.280029296875
low_vol,high_vol,sarsa,90044,-1.2187454802818003,197.2076873779297,-4284.23486328125,-2242.260009765625
low_vol,high_vol,sarsa,90045,-2.1140824146262367,182.9871826171875,-5009.75,-2812.47509765625
low_vol,high_vol,sarsa,90046,-1.417650960798618,212.35128784179688,-3161.5,-2409.489990234375
low_vol,high_vol,sarsa,90047,-3.7120146734349215,177.86154174804688,-4899.5947265625,-4854.1748046875
low_vol,high_vol,sarsa,90048,-3.2420055593599995,120.83846282958984,-2570.27001953125,-2107.6298828125
low_vol,high_vol,sarsa,90049,-0.7680594503063899,231.0230712890625,-4577.97021484375,-1056.72998046875
low_vol,high_vol,sarsa,90050,2.6807360823598496,205.36154174804688,-1050.89990234375,4155.73486328125
low_vol,high_vol,sarsa,90051,-1.3610799530971385,282.5615234375,-5257.4599609375,-3750.179931640625
low_vol,high_vol,sarsa,90052,-2.5131271208925687,220.5128173828125,-3401.5,-2914.0
low_vol,high_vol,sarsa,90053,-2.486611824423413,210.1794891357422,-3897.47998046875,-2959.47998046875
low_vol,high_vol,sarsa,90054,-2.036273921009786,156.0230712890625,-2922.175048828125,-2093.97509765625
low_vol,high_vol,sarsa,90055,-3.852044536640274,184.2923126220703,-5831.89013671875,-4823.39013671875
low_vol,high_vol,sarsa,90056,1.3468373685968866,206.25897216796875,-1140.02490234375,1594.8800048828125
low_vol,high_vol,dqn,90042,-0.7893212874242244,402.6666564941406,-4564.8203125,-1422.9599609375
low_vol,high_vol,dqn,90043,0.1767557624939674,348.8384704589844,-4986.47509765625,408.114990234375
low_vol,high_vol,dqn,90044,-1.345521520819187,336.5692443847656,-5840.93505859375,-2540.25
low_vol,high_vol,dqn,90045,-0.7390500315427259,363.5948791503906,-3634.3349609375,-1528.030029296875
low_vol,high_vol,dqn,90046,-2.6352374415338526,374.3461608886719,-7042.955078125,-5321.7548828125
low_vol,high_vol,dqn,90047,-2.182778702844842,384.28717041015625,-6274.0048828125,-4404.6748046875
low_vol,high_vol,dqn,90048,-4.203688559788054,433.1333312988281,-8881.275390625,-8310.28515625
low_vol,high_vol,dqn,90049,1.2740078499272742,310.3435974121094,-2898.80517578125,2112.52490234375
low_vol,high_vol,dqn,90050,1.5046484654195282,364.46923828125,-2655.824951171875,3757.320068359375
low_vol,high_vol,dqn,90051,-2.643220810506503,366.3333435058594,-7182.31005859375,-7145.81005859375
low_vol,high_vol,dqn,90052,0.2490208997352771,428.2153930664063,-2409.119873046875,512.1599731445312
low_vol,high_vol,dqn,90053,4.12429657586817,419.035888671875,-1381.000244140625,6992.669921875
low_vol,high_vol,dqn,90054,-0.4211734020649577,406.9718017578125,-4600.705078125,-646.6849975585938
low_vol,high_vol,dqn,90055,-2.563508950362901,364.8743591308594,-5292.39013671875,-5167.93505859375
low_vol,high_vol,dqn,90056,-2.474010996548853,417.78460693359375,-7881.0498046875,-6455.90478515625
low_vol,high_vol,ppo,90042,-5.20974371881175,317.6640930175781,-8898.740234375,-8156.76513671875
low_vol,high_vol,ppo,90043,-1.419964251502072,273.9410400390625,-4387.97021484375,-2437.47998046875
low_vol,high_vol,ppo,90044,-3.147258339604187,254.93077087402344,-5544.84521484375,-5129.23486328125
low_vol,high_vol,ppo,90045,-1.016549203223315,291.0666809082031,-5083.60009765625,-2637.389892578125
low_vol,high_vol,ppo,90046,-3.520351431928073,261.7230834960937,-7306.9599609375,-6442.5048828125
low_vol,high_vol,ppo,90047,-1.846232719746855,281.69744873046875,-5636.77001953125,-3250.919921875
low_vol,high_vol,ppo,90048,-3.632551769395521,325.20001220703125,-8264.1796875,-7497.8798828125
low_vol,high_vol,ppo,90049,0.8150599203023499,301.8923034667969,-1987.2349853515625,1048.77001953125
low_vol,high_vol,ppo,90050,-0.6033111298425792,236.4769287109375,-3543.034912109375,-1182.6300048828125
low_vol,high_vol,ppo,90051,-2.13529179734032,224.9974365234375,-5708.53515625,-4552.64990234375
low_vol,high_vol,ppo,90052,-1.1230709284652751,306.6820373535156,-4859.4501953125,-2177.47509765625
low_vol,high_vol,ppo,90053,-4.40708981676105,187.12307739257807,-4266.35009765625,-4194.52978515625
low_vol,high_vol,ppo,90054,-2.0607006052454144,312.525634765625,-6141.3798828125,-3059.014892578125
low_vol,high_vol,ppo,90055,-3.491381298790781,313.1358947753906,-5908.9951171875,-5818.9951171875
low_vol,high_vol,ppo,90056,-2.0061244833954444,220.25640869140625,-4053.5,-2709.0
low_vol,high_vol,qrdqn,90042,4.449002136024524,128.8076934814453,-547.31005859375,2776.8349609375
low_vol,high_vol,qrdqn,90043,0.321767377860381,115.0948715209961,-1214.6500244140625,277.6199951171875
low_vol,high_vol,qrdqn,90044,1.8214751239992013,124.29743957519533,-1059.0150146484375,1689.3699951171875
low_vol,high_vol,qrdqn,90045,-1.227383168282454,122.0,-3259.330078125,-1400.8349609375
low_vol,high_vol,qrdqn,90046,4.271255717307111,121.71025848388672,-618.0349731445312,4369.294921875
low_vol,high_vol,qrdqn,90047,0.3037994639492348,115.88717651367188,-1399.429931640625,319.9750061035156
low_vol,high_vol,qrdqn,90048,1.4447294983829515,121.6076889038086,-749.3800048828125,972.8099975585938
low_vol,high_vol,qrdqn,90049,3.2206777312180908,115.3974380493164,-367.6400146484375,1943.68505859375
low_vol,high_vol,qrdqn,90050,0.8236475080940909,112.71025848388672,-767.9049682617188,687.4450073242188
low_vol,high_vol,qrdqn,90051,2.631536058698584,124.76409912109376,-987.9299926757812,2476.054931640625
low_vol,high_vol,qrdqn,90052,2.3540994938869884,113.4974365234375,-838.800048828125,1535.35498046875
low_vol,high_vol,qrdqn,90053,1.925298059132858,110.12820434570312,-716.925048828125,1359.35498046875
low_vol,high_vol,qrdqn,90054,2.9349658772738363,106.14871978759766,-597.3699951171875,2026.030029296875
low_vol,high_vol,qrdqn,90055,3.933263964303759,133.60513305664062,-551.2049560546875,2736.7451171875
low_vol,high_vol,qrdqn,90056,1.6789671764516811,131.26922607421875,-899.699951171875,1431.844970703125
low_vol,high_vol,iqn,90042,-2.927750270092982,143.94102478027344,-2029.35498046875,-1934.85498046875
low_vol,high_vol,iqn,90043,-2.3457815349728763,158.2179412841797,-3364.510009765625,-3135.669921875
low_vol,high_vol,iqn,90044,-1.4796372051779965,145.515380859375,-1436.31005859375,-1185.25
low_vol,high_vol,iqn,90045,-2.1972792188171177,116.6051254272461,-2443.760009765625,-2443.760009765625
low_vol,high_vol,iqn,90046,-3.039889987043331,138.5076904296875,-5258.099609375,-4790.134765625
low_vol,high_vol,iqn,90047,-1.9584573348485776,148.73846435546875,-2196.330078125,-1490.1300048828125
low_vol,high_vol,iqn,90048,-0.474715701322055,156.40255737304688,-2409.139892578125,-436.1400146484375
low_vol,high_vol,iqn,90049,-3.7430176538154982,186.1923065185547,-5354.0498046875,-4577.0498046875
low_vol,high_vol,iqn,90050,-2.5356073274080595,150.505126953125,-2945.43505859375,-2798.43505859375
low_vol,high_vol,iqn,90051,-3.221375161439078,178.4820556640625,-4415.4599609375,-4384.35986328125
low_vol,high_vol,iqn,90052,-2.879259447626898,157.09487915039062,-3330.3349609375,-3254.8349609375
low_vol,high_vol,iqn,90053,-2.227534006650495,141.53590393066406,-2520.97509765625,-2078.264892578125
low_vol,high_vol,iqn,90054,-2.2622018798463395,151.3000030517578,-4521.7001953125,-2777.6201171875
low_vol,high_vol,iqn,90055,-2.444188939154279,150.13589477539062,-4259.10986328125,-4150.39013671875
low_vol,high_vol,iqn,90056,-3.837715729754052,139.22821044921875,-3879.885009765625,-3379.860107421875
normal,low_vol,sarsa,90042,-0.3071080273050768,180.76922607421875,-525.0,-113.0
normal,low_vol,sarsa,90043,-1.3926939941755554,106.31794738769533,-373.9200134277344,-272.0199890136719
normal,low_vol,sarsa,90044,-0.5607110914118275,164.92820739746094,-506.5,-159.27999877929688
normal,low_vol,sarsa,90045,0.6927755363801741,205.2846221923828,-411.25,230.47999572753903
normal,low_vol,sarsa,90046,0.2933722752046078,189.77947998046875,-416.0,99.87999725341795
normal,low_vol,sarsa,90047,-0.5353032596928446,183.58973693847656,-577.5,-200.0
normal,low_vol,sarsa,90048,-1.1131346077366808,345.24102783203125,-1103.5,-752.4600219726562
normal,low_vol,sarsa,90049,0.3875663511340435,194.1948699951172,-357.5,109.31999969482422
normal,low_vol,sarsa,90050,1.4833425607170554,196.7128143310547,-538.780029296875,1205.4599609375
normal,low_vol,sarsa,90051,-0.186201251990824,209.2948760986328,-600.125,-82.75
normal,low_vol,sarsa,90052,0.8160158705440711,186.42564392089844,-509.8900146484375,322.82000732421875
normal,low_vol,sarsa,90053,0.0515376701656203,109.74359130859376,-235.0,10.0
normal,low_vol,sarsa,90054,-0.7286247004049639,141.03590393066406,-243.0,-134.63999938964844
normal,low_vol,sarsa,90055,0.2826697376245797,139.7871856689453,-372.9049987792969,65.6500015258789
normal,low_vol,sarsa,90056,1.936699866148592,134.72564697265625,-298.8450012207031,528.47998046875
normal,low_vol,dqn,90042,4.434525603412168,285.5,-140.0,2264.235107421875
normal,low_vol,dqn,90043,3.480523457919982,256.24615478515625,-136.56002807617188,1326.9000244140625
normal,low_vol,dqn,90044,2.2534360353641496,247.07179260253903,-224.3900146484375,1231.3800048828125
normal,low_vol,dqn,90045,2.9541378514921344,210.22821044921875,-130.36505126953125,1206.030029296875
normal,low_vol,dqn,90046,3.6864092732709537,211.7076873779297,-186.78497314453125,1595.824951171875
normal,low_vol,dqn,90047,2.4139195847403365,205.1743621826172,-190.22998046875,978.8499755859376
normal,low_vol,dqn,90048,2.5850442419249773,245.6512756347656,-202.52996826171875,1229.22998046875
normal,low_vol,dqn,90049,4.014072290693522,246.0769195556641,-152.6500244140625,1523.7049560546875
normal,low_vol,dqn,90050,2.658715826660985,210.1102600097656,-183.83499145507807,1478.81005859375
normal,low_vol,dqn,90051,3.858274619006745,239.86154174804688,-124.10000610351562,1652.125
normal,low_vol,dqn,90052,4.9721160001751805,289.70513916015625,-248.135009765625,2100.985107421875
normal,low_vol,dqn,90053,3.265381831286,211.505126953125,-112.42001342773438,1146.3050537109375
normal,low_vol,dqn,90054,3.507807987552709,217.59230041503903,-119.86000061035156,1331.68505859375
normal,low_vol,dqn,90055,2.0958994965145803,216.76666259765625,-141.10000610351562,577.8400268554688
normal,low_vol,dqn,90056,3.1126378445794733,232.1948699951172,-241.8999938964844,1443.760009765625
normal,low_vol,ppo,90042,0.51594662831688,472.9871826171875,-881.5,351.7449951171875
normal,low_vol,ppo,90043,0.4666693944217612,229.0281982421875,-812.8349609375,256.2099914550781
normal,low_vol,ppo,90044,0.4670866754569346,616.0538330078125,-966.9000244140624,441.1400146484375
normal,low_vol,ppo,90045,0.5294571317908605,246.505126953125,-483.41998291015625,214.7400054931641
normal,low_vol,ppo,90046,-0.2395136494081969,218.27691650390625,-461.9599914550781,-83.0199966430664
normal,low_vol,ppo,90047,0.2322735806715958,357.8384704589844,-673.8400268554688,141.92999267578125
normal,low_vol,ppo,90048,-0.0775186333769257,100.24615478515624,-148.90499877929688,-12.505000114440918
normal,low_vol,ppo,90049,2.3948990146776072,243.87692260742188,-259.4150085449219,942.4849853515624
normal,low_vol,ppo,90050,2.0730760189641604,148.0230712890625,-514.300048828125,1610.3900146484375
normal,low_vol,ppo,90051,0.0336471090274678,286.5692443847656,-969.6799926757812,17.71500015258789
normal,low_vol,ppo,90052,-0.6802603423428756,336.4153747558594,-774.4700317382812,-303.6600036621094
normal,low_vol,ppo,90053,-1.278337214235787,341.8666687011719,-756.699951171875,-579.5999755859375
normal,low_vol,ppo,90054,0.2417977701662268,455.76666259765625,-525.7950439453125,137.2899932861328
normal,low_vol,ppo,90055,0.5154012643687593,541.8897705078125,-1003.8699951171876,413.8999938964844
normal,low_vol,ppo,90056,-0.1286346773626019,235.9923095703125,-762.52001953125,-67.43000030517578
normal,low_vol,qrdqn,90042,4.51778346953168,118.63589477539062,-59.71002197265625,769.844970703125
normal,low_vol,qrdqn,90043,3.774179542347693,110.66153717041016,-72.42501831054688,653.5449829101562
normal,low_vol,qrdqn,90044,2.673295061023182,108.23076629638672,-88.0,437.4700012207031
normal,low_vol,qrdqn,90045,1.094821326085827,114.015380859375,-286.7900085449219,467.9150085449219
normal,low_vol,qrdqn,90046,3.41861166495238,118.71282196044922,-84.8800048828125,610.8800048828125
normal,low_vol,qrdqn,90047,4.473320085886035,108.69230651855467,-62.8900146484375,873.469970703125
normal,low_vol,qrdqn,90048,4.266582346277781,139.7076873779297,-65.989990234375,794.885009765625
normal,low_vol,qrdqn,90049,4.939870593468439,138.11795043945312,-71.98004150390625,1022.2899780273438
normal,low_vol,qrdqn,90050,2.73454061685141,104.9871826171875,-272.8099975585937,1184.4100341796875
normal,low_vol,qrdqn,90051,2.7819799970476247,107.6794891357422,-89.68000030517578,473.0750122070313
normal,low_vol,qrdqn,90052,4.0958508396312165,119.96410369873048,-83.20999908447266,679.5700073242188
normal,low_vol,qrdqn,90053,4.1720343502602,130.07948303222656,-67.5,840.760009765625
normal,low_vol,qrdqn,90054,3.8641915934596582,114.94871520996094,-91.4000015258789,662.8499755859375
normal,low_vol,qrdqn,90055,2.5555305840542824,128.41539001464844,-118.28997802734376,520.4199829101562
normal,low_vol,qrdqn,90056,4.345999343517827,114.64359283447266,-76.36001586914062,815.72998046875
normal,low_vol,iqn,90042,0.4710469093715857,642.8025512695312,-872.1199951171875,511.7650146484375
normal,low_vol,iqn,90043,0.3932975649004597,768.9051513671875,-1055.5,423.1050109863281
normal,low_vol,iqn,90044,0.7588189412898315,712.3153686523438,-830.0499877929688,766.7899780273438
normal,low_vol,iqn,90045,-0.3332257959051287,874.6641235351562,-1995.7999267578125,-443.010009765625
normal,low_vol,iqn,90046,-0.1523568044202103,629.2487182617188,-1026.909912109375,-150.11000061035156
normal,low_vol,iqn,90047,0.5537017337694267,709.8384399414062,-1042.699951171875,656.5349731445312
normal,low_vol,iqn,90048,-0.5719681154449766,684.9154052734375,-1185.304931640625,-587.760009765625
normal,low_vol,iqn,90049,0.6062321706573817,709.0743408203125,-875.5,579.6649780273438
normal,low_vol,iqn,90050,0.6235628702374005,625.1923217773438,-1201.97998046875,891.9199829101562
normal,low_vol,iqn,90051,-0.9808924210580064,717.1923217773438,-1339.5699462890625,-986.0700073242188
normal,low_vol,iqn,90052,0.4254148151256654,681.4564208984375,-1054.574951171875,438.5700073242188
normal,low_vol,iqn,90053,1.0703526341860448,809.5281982421875,-789.699951171875,1069.77001953125
normal,low_vol,iqn,90054,0.6347783280179274,733.2820434570312,-879.8800048828125,605.5700073242188
normal,low_vol,iqn,90055,-0.7273357051621442,743.433349609375,-1234.0,-778.3200073242188
normal,low_vol,iqn,90056,0.1882916298704814,699.1513061523438,-810.0899658203125,192.44500732421875
normal,high_vol,sarsa,90042,-2.428350063416158,151.95127868652344,-3107.139892578125,-3097.719970703125
normal,high_vol,sarsa,90043,1.7952137862982784,311.1743469238281,-3396.9599609375,2865.429931640625
normal,high_vol,sarsa,90044,-3.103327298266461,193.2102508544922,-5529.53466796875,-5312.27978515625
normal,high_vol,sarsa,90045,-2.0377667748119266,294.1230773925781,-26918.755859375,-25614.755859375
normal,high_vol,sarsa,90046,-1.746066290609353,267.3307800292969,-2785.175048828125,-2644.8349609375
normal,high_vol,sarsa,90047,-1.1433122221204997,264.48974609375,-3745.4951171875,-1586.5899658203125
normal,high_vol,sarsa,90048,-1.9022809490569483,326.4564208984375,-4143.9853515625,-3846.985107421875
normal,high_vol,sarsa,90049,-3.6265953621790574,183.6820526123047,-5413.56494140625,-5134.06494140625
normal,high_vol,sarsa,90050,1.8214726226671851,264.8538513183594,-1492.280029296875,4033.050048828125
normal,high_vol,sarsa,90051,-0.2107283021736019,218.48974609375,-3162.205078125,-444.1799926757813
normal,high_vol,sarsa,90052,0.3955097723630238,215.85641479492188,-2684.0,585.7100219726562
normal,high_vol,sarsa,90053,-3.025565005723722,252.8000030517578,-5476.85986328125,-4741.625
normal,high_vol,sarsa,90054,-1.6828026012555826,273.71795654296875,-4146.2646484375,-2858.60498046875
normal,high_vol,sarsa,90055,-1.0326763942605972,160.1820526123047,-2173.64013671875,-914.3250122070312
normal,high_vol,sarsa,90056,-2.626612554467634,263.5025634765625,-4866.259765625,-4640.759765625
normal,high_vol,dqn,90042,0.6227525122327399,124.45127868652344,-915.6600341796876,400.4299926757813
normal,high_vol,dqn,90043,0.9096471283777142,140.89486694335938,-1206.5048828125,892.3499755859375
normal,high_vol,dqn,90044,4.78411412019134,186.2076873779297,-835.6599731445312,7431.47509765625
normal,high_vol,dqn,90045,3.812990504185432,161.6769256591797,-1499.494873046875,3788.125
normal,high_vol,dqn,90046,5.129077232661024,158.1769256591797,-241.5,6054.48486328125
normal,high_vol,dqn,90047,-0.1163009770336554,135.25897216796875,-2494.93017578125,-152.33999633789062
normal,high_vol,dqn,90048,3.4219846376076397,141.5025634765625,-321.159912109375,3933.139892578125
normal,high_vol,dqn,90049,2.4376538414190088,146.8128204345703,-958.2549438476562,2126.719970703125
normal,high_vol,dqn,90050,-0.8866317839479338,100.505126953125,-1343.679931640625,-828.8049926757812
normal,high_vol,dqn,90051,7.639555884359966,177.0,-205.010009765625,9201.26953125
normal,high_vol,dqn,90052,1.9483679914554624,151.13845825195312,-954.7300415039062,2834.735107421875
normal,high_vol,dqn,90053,0.2406209854133399,144.1641082763672,-1452.6400146484375,201.6000061035156
normal,high_vol,dqn,90054,4.206112497648931,152.07948303222656,-476.2849731445313,4635.27978515625
normal,high_vol,dqn,90055,3.218536885286577,150.494873046875,-610.375,3363.804931640625
normal,high_vol,dqn,90056,-1.3681654910131504,133.58460998535156,-3284.55517578125,-1398.9549560546875
normal,high_vol,ppo,90042,-2.6789006932086674,295.3666687011719,-4512.14990234375,-4475.14990234375
normal,high_vol,ppo,90043,-3.5796586025809223,257.4769287109375,-8377.544921875,-7898.51513671875
normal,high_vol,ppo,90044,-1.1626899676814246,281.6000061035156,-4608.52978515625,-2614.7900390625
normal,high_vol,ppo,90045,-0.7602149052606382,229.65383911132807,-5055.39013671875,-1293.6650390625
normal,high_vol,ppo,90046,-2.8661318686571624,291.1512756347656,-7788.28515625,-7709.6650390625
normal,high_vol,ppo,90047,-2.349970971825659,281.3974304199219,-6087.384765625,-4098.884765625
normal,high_vol,ppo,90048,-0.985384960496282,253.4871826171875,-3157.0,-1629.949951171875
normal,high_vol,ppo,90049,-5.612173904393422,323.3333435058594,-8557.3203125,-8341.3203125
normal,high_vol,ppo,90050,-1.0481725139439095,302.5281982421875,-3365.900146484375,-2793.72509765625
normal,high_vol,ppo,90051,-1.0878467296015926,338.0333251953125,-4226.240234375,-3122.739990234375
normal,high_vol,ppo,90052,-2.3586900266854283,276.18975830078125,-8687.4599609375,-8388.5
normal,high_vol,ppo,90053,-3.299900801658292,319.6410217285156,-6645.7001953125,-5970.5400390625
normal,high_vol,ppo,90054,-0.443975507940357,260.2948608398437,-2442.280029296875,-559.780029296875
normal,high_vol,ppo,90055,-3.5002995773887817,322.5230712890625,-8230.7998046875,-6708.375
normal,high_vol,ppo,90056,-1.0269991798382954,241.23333740234372,-6608.18505859375,-3780.465087890625
normal,high_vol,qrdqn,90042,2.0274886544201767,87.28205108642578,-603.1600341796875,962.1749877929688
normal,high_vol,qrdqn,90043,0.2594722189770016,79.55897521972656,-627.385009765625,158.8000030517578
normal,high_vol,qrdqn,90044,1.995405834294488,78.05897521972656,-369.0,984.510009765625
normal,high_vol,qrdqn,90045,0.1393368562957601,78.80769348144531,-1282.5,151.17999267578125
normal,high_vol,qrdqn,90046,4.626835365676617,77.68717956542969,-375.2200012207031,1587.4599609375
normal,high_vol,qrdqn,90047,1.4120900583150695,75.0128173828125,-788.010009765625,1254.8050537109375
normal,high_vol,qrdqn,90048,1.5973793172959276,84.54102325439453,-615.77001953125,815.3049926757812
normal,high_vol,qrdqn,90049,3.186651081841459,91.06153869628906,-493.8999633789063,1510.47998046875
normal,high_vol,qrdqn,90050,0.4828821457277153,90.27179718017578,-930.219970703125,480.010009765625
normal,high_vol,qrdqn,90051,-0.8148472335123841,84.62820434570312,-2241.860107421875,-615.4450073242188
normal,high_vol,qrdqn,90052,0.2760201855574211,83.34615325927734,-823.8350219726562,131.7050018310547
normal,high_vol,qrdqn,90053,-0.0888360020449657,95.66153717041016,-1704.2950439453125,-70.6500015258789
normal,high_vol,qrdqn,90054,-1.483440701214397,79.70769500732422,-2325.5048828125,-1591.385009765625
normal,high_vol,qrdqn,90055,-0.4251659325900533,79.56666564941406,-836.300048828125,-209.3000030517578
normal,high_vol,qrdqn,90056,0.8948950078320445,94.32307434082033,-1298.0,795.2449951171875
normal,high_vol,iqn,90042,1.0036729345526187,362.76666259765625,-3407.740234375,1850.3800048828125
normal,high_vol,iqn,90043,0.1893560018198167,419.6025695800781,-5778.96484375,573.2150268554688
normal,high_vol,iqn,90044,-1.3389081461055277,394.8820495605469,-5433.5849609375,-2687.47998046875
normal,high_vol,iqn,90045,0.4813189971390611,334.6923217773437,-3528.705078125,1024.02001953125
normal,high_vol,iqn,90046,-2.878650888261074,366.046142578125,-7045.9599609375,-6341.4951171875
normal,high_vol,iqn,90047,0.0204881185693707,365.1794738769531,-4653.1650390625,37.125
normal,high_vol,iqn,90048,-2.009960349610878,347.25640869140625,-4194.98486328125,-3149.625
normal,high_vol,iqn,90049,0.1885278953931294,295.0974426269531,-2118.83984375,259.875
normal,high_vol,iqn,90050,0.6468888212487222,319.6102600097656,-2601.760009765625,1552.375
normal,high_vol,iqn,90051,-0.9576903595500754,368.6153869628906,-3896.18017578125,-2292.510009765625
normal,high_vol,iqn,90052,-0.0305300125217851,347.6871643066406,-2310.43994140625,-59.60499954223633
normal,high_vol,iqn,90053,-1.425402588716827,373.4333190917969,-4783.625,-2206.75
normal,high_vol,iqn,90054,-2.5567441714936727,394.8717956542969,-6542.65478515625,-4498.9951171875
normal,high_vol,iqn,90055,1.3012411758222575,348.4769287109375,-2504.0,2145.125
normal,high_vol,iqn,90056,2.899410178349418,340.4025573730469,-1703.8199462890625,4781.93994140625
low_vol,normal,sarsa,90042,0.06217489263298277,247.92820739746094,-1045.6199951171875,34.720001220703125
low_vol,normal,sarsa,90043,1.578503088804251,62.0025634765625,-166.5,216.5
low_vol,normal,sarsa,90044,1.0125091841742058,87.43589782714844,-269.5,287.0
low_vol,normal,sarsa,90045,1.2520935329961547,78.01795196533203,-219.7899932861328,298.2749938964844
low_vol,normal,sarsa,90046,-0.7586713627008757,56.153846740722656,-325.0,-207.0
low_vol,normal,sarsa,90047,0.11921719910589731,42.21538543701172,-205.5,15.960000038146973
low_vol,normal,sarsa,90048,0.35095865817534055,38.82564163208008,-183.52499389648438,46.58000183105469
low_vol,normal,sarsa,90049,1.9040156963787729,120.29486846923828,-425.25,719.2349853515625
low_vol,normal,sarsa,90050,1.3125901605912964,300.80255126953125,-1187.1300048828125,2278.5400390625
low_vol,normal,sarsa,90051,1.373537910772419,348.9923095703125,-1782.0,1402.9300537109375
low_vol,normal,sarsa,90052,-1.8115838272468985,240.39230346679688,-1509.570068359375,-1196.5
low_vol,normal,sarsa,90053,1.7400160098736936,74.07179260253906,-188.55499267578125,336.0050048828125
low_vol,normal,sarsa,90054,1.0269215649772045,94.25897216796875,-413.6300048828125,308.6050109863281
low_vol,normal,sarsa,90055,-2.0545529196983003,84.3923110961914,-788.7899780273438,-703.364990234375
low_vol,normal,sarsa,90056,0.42450675803519555,332.4615478515625,-1085.52001953125,272.0199890136719
low_vol,normal,dqn,90042,-1.9468766090250966,875.2025756835938,-3399.469970703125,-2663.469970703125
low_vol,normal,dqn,90043,-0.48829517534795297,789.2538452148438,-3687.550048828125,-839.0999755859375
low_vol,normal,dqn,90044,0.9995825945888308,756.2794799804688,-2508.18994140625,1594.824951171875
low_vol,normal,dqn,90045,1.745338991541348,767.3051147460938,-2023.0,3513.31005859375
low_vol,normal,dqn,90046,-0.4907561549932461,871.5948486328125,-3801.619873046875,-926.6799926757812
low_vol,normal,dqn,90047,0.10941763318764434,777.382080078125,-2249.64501953125,173.21499633789062
low_vol,normal,dqn,90048,-2.802935273856297,837.4000244140625,-5363.5400390625,-4785.0400390625
low_vol,normal,dqn,90049,2.076811831898946,647.6436157226562,-1478.0599365234375,2563.22509765625
low_vol,normal,dqn,90050,-0.10098174382582709,881.2128295898438,-2805.954833984375,-267.3399963378906
low_vol,normal,dqn,90051,0.1468738478564021,912.59228515625,-2383.205078125,312.55499267578125
low_vol,normal,dqn,90052,-0.7089721761652003,937.6102294921875,-2653.4150390625,-1272.949951171875
low_vol,normal,dqn,90053,1.3187145984643773,938.6384887695312,-2501.039794921875,2001.5150146484375
low_vol,normal,dqn,90054,1.1467406654916474,930.8538208007812,-1643.0899658203125,1820.4000244140625
low_vol,normal,dqn,90055,-0.30249849541860235,840.1384887695312,-2232.0,-437.6300048828125
low_vol,normal,dqn,90056,0.5292994007366624,918.6538696289062,-2434.0,835.9550170898438
low_vol,normal,ppo,90042,-1.0295573803735711,239.44871520996094,-917.530029296875,-489.9949951171875
low_vol,normal,ppo,90043,-0.11265750187377661,389.75640869140625,-1868.699951171875,-89.13500213623047
low_vol,normal,ppo,90044,1.794352592398818,409.3230895996094,-784.0,1477.2550048828125
low_vol,normal,ppo,90045,-0.3499498856869242,374.20770263671875,-2328.1298828125,-437.6449890136719
low_vol,normal,ppo,90046,-1.5318760529645923,162.43589782714844,-644.2000122070312,-497.45001220703125
low_vol,normal,ppo,90047,0.017185067110136166,660.1897583007812,-1725.4300537109375,19.735000610351562
low_vol,normal,ppo,90048,1.4517073318850895,260.1076965332031,-585.1099853515625,769.8049926757812
low_vol,normal,ppo,90049,-2.581797218693593,218.6846160888672,-1742.8798828125,-1149.5799560546875
low_vol,normal,ppo,90050,1.0858329366227841,554.7282104492188,-1751.4249267578125,2132.159912109375
low_vol,normal,ppo,90051,-1.6458879433604796,243.9794921875,-1447.489990234375,-1082.1400146484375
low_vol,normal,ppo,90052,-1.4408347772965484,338.1076965332031,-1469.31494140625,-1001.9099731445312
low_vol,normal,ppo,90053,-0.15198521867470055,330.72052001953125,-1536.0,-152.65499877929688
low_vol,normal,ppo,90054,-0.9062622376110838,240.1564178466797,-1174.875,-431.55499267578125
low_vol,normal,ppo,90055,-0.7751218876855464,202.53590393066406,-1070.5,-283.8900146484375
low_vol,normal,ppo,90056,0.011152450882332037,490.3820495605469,-1588.885009765625,10.545000076293945
low_vol,normal,qrdqn,90042,3.372966475497669,209.15127563476562,-289.7100830078125,1703.0050048828125
low_vol,normal,qrdqn,90043,4.304331271968876,223.07435607910156,-484.25,2017.06494140625
low_vol,normal,qrdqn,90044,3.3187517225554513,215.7025604248047,-272.9599609375,2023.4100341796875
low_vol,normal,qrdqn,90045,2.9112588409729874,193.39230346679688,-254.1199951171875,1665.6949462890625
low_vol,normal,qrdqn,90046,3.915597791959214,239.23590087890625,-353.5799865722656,2325.2099609375
low_vol,normal,qrdqn,90047,3.9262525835251685,237.74615478515625,-412.85498046875,2231.514892578125
low_vol,normal,qrdqn,90048,5.473270523418425,216.23846435546875,-148.85000610351562,2660.135009765625
low_vol,normal,qrdqn,90049,5.019182240489449,212.12820434570312,-175.0198974609375,2065.465087890625
low_vol,normal,qrdqn,90050,1.6876294363609645,171.35897827148438,-371.3500061035156,1089.14501953125
low_vol,normal,qrdqn,90051,6.187237786051392,247.4871826171875,-197.1500244140625,3396.449951171875
low_vol,normal,qrdqn,90052,3.293156621993903,214.41795349121094,-312.8999938964844,1686.0050048828125
low_vol,normal,qrdqn,90053,1.401816204901465,178.22052001953125,-567.4000244140625,663.1749877929688
low_vol,normal,qrdqn,90054,3.2926019148350156,193.56410217285156,-317.6000061035156,1893.3599853515625
low_vol,normal,qrdqn,90055,3.4245804316917465,224.39743041992188,-275.1400146484375,1696.375
low_vol,normal,qrdqn,90056,3.2378951351714935,215.35897827148438,-192.43002319335938,1865.3050537109375
low_vol,normal,iqn,90042,0.1334623860949748,183.24102783203125,-498.760009765625,42.099998474121094
low_vol,normal,iqn,90043,0.7269598432424156,248.06666564941406,-854.7650146484375,338.32000732421875
low_vol,normal,iqn,90044,0.9601482125303483,200.9718017578125,-473.07501220703125,402.75
low_vol,normal,iqn,90045,4.435664445165427,96.80256652832031,-282.0,1289.4849853515625
low_vol,normal,iqn,90046,-0.47565171447623544,216.41026306152344,-780.0,-210.5
low_vol,normal,iqn,90047,-1.2498579307223803,185.25128173828125,-752.6199951171875,-485.5199890136719
low_vol,normal,iqn,90048,-1.2552593365056015,96.05384826660156,-468.55999755859375,-260.4100036621094
low_vol,normal,iqn,90049,1.343903600416237,151.85128784179688,-475.1499938964844,390.8500061035156
low_vol,normal,iqn,90050,1.0243509313504364,217.3384552001953,-602.3899536132812,906.0800170898438
low_vol,normal,iqn,90051,-0.5352438898417542,138.12051391601562,-478.19000244140625,-149.4250030517578
low_vol,normal,iqn,90052,1.196614945268457,186.88717651367188,-544.5299682617188,425.42999267578125
low_vol,normal,iqn,90053,1.7141585637247985,246.6589813232422,-560.0799560546875,764.75
low_vol,normal,iqn,90054,1.6017576782845222,149.23077392578125,-282.0,428.0
low_vol,normal,iqn,90055,0.03699366366232423,164.39230346679688,-354.94500732421875,14.850000381469727
low_vol,normal,iqn,90056,0.5635485950941477,85.68461608886719,-293.5,111.22000122070312
high_vol,normal,sarsa,90042,0.04858842959115726,269.78460693359375,-1496.1600341796875,26.110000610351562
high_vol,normal,sarsa,90043,0.26967949281782183,595.0435791015625,-1640.294921875,296.6549987792969
high_vol,normal,sarsa,90044,-0.6888286551643741,272.4718017578125,-1341.43994140625,-493.79998779296875
high_vol,normal,sarsa,90045,1.6098402177147568,357.1025695800781,-1445.5750732421875,1635.074951171875
high_vol,normal,sarsa,90046,-2.2136704475192865,428.0974426269531,-2443.5,-2114.820068359375
high_vol,normal,sarsa,90047,-0.3612347186466064,558.58203125,-2421.489990234375,-486.94000244140625
high_vol,normal,sarsa,90048,-1.4156953605734806,189.13845825195312,-1024.800048828125,-578.530029296875
high_vol,normal,sarsa,90049,0.7820315231059484,278.974365234375,-393.5,370.5
high_vol,normal,sarsa,90050,0.39512548683988774,543.57177734375,-1893.719970703125,1002.0900268554688
high_vol,normal,sarsa,90051,1.2952656407727294,99.6076889038086,-303.96002197265625,332.1600036621094
high_vol,normal,sarsa,90052,-1.2112514895612605,185.34872436523438,-1107.6500244140625,-595.0599975585938
high_vol,normal,sarsa,90053,-2.145793124830221,346.23077392578125,-1748.4000244140625,-1625.699951171875
high_vol,normal,sarsa,90054,0.9777977583738442,391.0769348144531,-1071.699951171875,732.5999755859375
high_vol,normal,sarsa,90055,1.3056164469301266,269.23077392578125,-525.5,716.0
high_vol,normal,sarsa,90056,-1.950278126292776,265.3846130371094,-1602.5,-1230.5
high_vol,normal,dqn,90042,2.3050215940829846,360.3948669433594,-584.099853515625,2511.864990234375
high_vol,normal,dqn,90043,3.0558114067379862,385.8384704589844,-627.2949829101562,2221.0400390625
high_vol,normal,dqn,90044,3.120584723532123,367.1205139160156,-606.4599609375,2542.06494140625
high_vol,normal,dqn,90045,1.2785405578149864,394.4769287109375,-689.030029296875,1181.114990234375
high_vol,normal,dqn,90046,1.5964761893009014,384.69744873046875,-723.3200073242188,1157.7550048828125
high_vol,normal,dqn,90047,0.5709103094921838,369.1128234863281,-849.949951171875,405.05499267578125
high_vol,normal,dqn,90048,1.8097412283740224,372.28717041015625,-900.6700439453125,1412.2049560546875
high_vol,normal,dqn,90049,4.038345510853097,371.1640930175781,-566.47998046875,3992.294921875
high_vol,normal,dqn,90050,2.4313269427897928,368.6666564941406,-517.9000244140625,2756.969970703125
high_vol,normal,dqn,90051,1.86080180164381,373.5615234375,-1181.2698974609375,2501.43994140625
high_vol,normal,dqn,90052,4.127443251544552,397.70770263671875,-426.60009765625,3337.3349609375
high_vol,normal,dqn,90053,3.404641578504717,434.1666564941406,-388.5,2488.655029296875
high_vol,normal,dqn,90054,2.1776599475794516,401.4769287109375,-1099.89501953125,1944.905029296875
high_vol,normal,dqn,90055,1.6087978979498878,400.9333190917969,-601.5,1170.7650146484375
high_vol,normal,dqn,90056,1.115844580270469,345.21026611328125,-722.0150146484375,717.8900146484375
high_vol,normal,ppo,90042,-0.6153358788832304,624.8410034179688,-3047.840087890625,-712.5599975585938
high_vol,normal,ppo,90043,-1.6826133828454157,347.9281921386719,-2211.050048828125,-1271.77001953125
high_vol,normal,ppo,90044,-0.14401144120680295,808.4923095703125,-2241.0,-247.97999572753906
high_vol,normal,ppo,90045,-0.8193736880700556,732.4718017578125,-5706.0,-3908.81494140625
high_vol,normal,ppo,90046,3.374579098962232,640.2564086914062,-1114.5,4142.259765625
high_vol,normal,ppo,90047,-0.7399040157204926,856.94873046875,-3152.5,-1252.5999755859375
high_vol,normal,ppo,90048,1.854626307170163,546.2820434570312,-1818.0,2938.215087890625
high_vol,normal,ppo,90049,-1.332546228828085,813.94873046875,-5254.5,-2069.39990234375
high_vol,normal,ppo,90050,-0.020994378513572637,598.1846313476562,-2369.89013671875,-40.48500061035156
high_vol,normal,ppo,90051,0.5832553025994975,715.1410522460938,-2644.429931640625,994.7550048828125
high_vol,normal,ppo,90052,-0.6369163047744814,722.4512939453125,-2985.110107421875,-888.1099853515625
high_vol,normal,ppo,90053,-1.3138932074345602,428.974365234375,-1678.5,-1164.0
high_vol,normal,ppo,90054,-1.7023281461112296,622.2461547851562,-2215.690185546875,-1640.8199462890625
high_vol,normal,ppo,90055,1.1787967802196337,566.6666870117188,-1846.0,1478.0
high_vol,normal,ppo,90056,-0.704313665990791,660.1820678710938,-2739.449951171875,-833.9849853515625
high_vol,normal,qrdqn,90042,3.935010482599777,300.3153991699219,-411.97998046875,2396.580078125
high_vol,normal,qrdqn,90043,4.22354766462492,296.53076171875,-382.14996337890625,2305.6201171875
high_vol,normal,qrdqn,90044,2.968226530504801,266.8256530761719,-480.155029296875,1696.614990234375
high_vol,normal,qrdqn,90045,2.546177367959818,317.1410217285156,-415.92999267578125,1661.074951171875
high_vol,normal,qrdqn,90046,2.809388710458097,256.494873046875,-297.3999938964844,1270.0999755859375
high_vol,normal,qrdqn,90047,2.279252283103366,303.01025390625,-668.9598388671875,1403.0150146484375
high_vol,normal,qrdqn,90048,1.563463609351073,274.8333435058594,-567.9500732421875,796.1099853515625
high_vol,normal,qrdqn,90049,4.036925931365314,332.0,-259.27496337890625,2414.3798828125
high_vol,normal,qrdqn,90050,1.93121797632932,292.5128173828125,-640.5999755859375,2148.794921875
high_vol,normal,qrdqn,90051,4.175894346972732,313.9076843261719,-627.5999755859375,3019.419921875
high_vol,normal,qrdqn,90052,3.492648738437108,279.6102600097656,-290.57501220703125,2032.8050537109375
high_vol,normal,qrdqn,90053,3.1438691818594116,301.3307800292969,-447.7599792480469,1513.64501953125
high_vol,normal,qrdqn,90054,1.8902199674863567,261.1846008300781,-531.074951171875,1100.7550048828125
high_vol,normal,qrdqn,90055,1.7640546933724555,298.6102600097656,-531.18994140625,971.135009765625
high_vol,normal,qrdqn,90056,3.7949532518794244,316.8923034667969,-488.32501220703125,2267.06494140625
high_vol,normal,iqn,90042,0.8932063880153422,1.7948718070983887,-5.5,15.5
high_vol,normal,iqn,90043,-0.2886633705469309,60.0,-242.5,-38.5
high_vol,normal,iqn,90044,-1.6852748001106543,58.71794891357422,-238.5,-238.5
high_vol,normal,iqn,90045,-1.383638289453841,87.94871520996094,-641.5,-404.5
high_vol,normal,iqn,90046,2.291391835926702,5.846153736114502,-12.149999618530273,32.900001525878906
high_vol,normal,iqn,90047,0.0,0.0,0.0,0.0
high_vol,normal,iqn,90048,3.132631432796505,58.20512771606445,-182.0,384.5
high_vol,normal,iqn,90049,1.0012846038886787,0.25641027092933655,0.0,7.5
high_vol,normal,iqn,90050,1.0787034782593112,485.453857421875,-1938.0,2013.989990234375
high_vol,normal,iqn,90051,1.4573041358399292,28.33333396911621,-143.52999877929688,182.52999877929688
high_vol,normal,iqn,90052,0.0,0.0,0.0,0.0
high_vol,normal,iqn,90053,0.0,0.0,0.0,0.0
high_vol,normal,iqn,90054,-1.3986403960639535,47.43589782714844,-326.0,-191.0
high_vol,normal,iqn,90055,0.0,0.0,0.0,0.0
high_vol,normal,iqn,90056,-0.39829710226784265,13.333333015441895,-77.0,-21.0
high_vol,low_vol,sarsa,90042,0.8334734759396178,283.0230712890625,-668.6799926757812,397.0150146484375
high_vol,low_vol,sarsa,90043,-0.09150269785644428,289.0718078613281,-949.1600341796875,-50.779998779296875
high_vol,low_vol,sarsa,90044,0.27261671872214094,426.453857421875,-736.3800048828125,173.4949951171875
high_vol,low_vol,sarsa,90045,-0.10756147930229816,178.06410217285156,-430.04998779296875,-38.310001373291016
high_vol,low_vol,sarsa,90046,1.145193518071038,356.05126953125,-407.1600341796875,527.5399780273438
high_vol,low_vol,sarsa,90047,0.026719879219271714,206.2051239013672,-405.20001220703125,8.979999542236328
high_vol,low_vol,sarsa,90048,-0.778439316056328,212.3025665283203,-641.989990234375,-293.1000061035156
high_vol,low_vol,sarsa,90049,0.165165491146101,318.8846130371094,-628.4649658203125,80.62999725341797
high_vol,low_vol,sarsa,90050,2.372178974562916,347.44873046875,-889.58984375,3407.340087890625
high_vol,low_vol,sarsa,90051,-1.1039954762353674,174.525634765625,-597.0,-361.95001220703125
high_vol,low_vol,sarsa,90052,0.2978345963450699,458.3333435058594,-713.0,178.64999389648438
high_vol,low_vol,sarsa,90053,0.775200606075468,383.1282043457031,-749.4300537109375,509.1300048828125
high_vol,low_vol,sarsa,90054,-0.5641953733418076,266.23333740234375,-573.5599975585938,-233.4499969482422
high_vol,low_vol,sarsa,90055,0.23887010817844034,179.1999969482422,-446.20001220703125,77.0199966430664
high_vol,low_vol,sarsa,90056,-0.12736996895013075,466.3743591308594,-996.0,-90.62000274658203
high_vol,low_vol,dqn,90042,2.853328874300823,434.474365234375,-448.1300048828125,1896.949951171875
high_vol,low_vol,dqn,90043,2.891029833272078,363.4384765625,-357.8800048828125,1520.18505859375
high_vol,low_vol,dqn,90044,4.358528662724158,394.9256286621094,-303.5,2703.4150390625
high_vol,low_vol,dqn,90045,2.003583718615693,400.53076171875,-462.530029296875,1322.094970703125
high_vol,low_vol,dqn,90046,3.1909666152552933,463.5820617675781,-353.1400146484375,2226.75
high_vol,low_vol,dqn,90047,1.1303950493144799,413.79742431640625,-692.8499755859375,732.7550048828125
high_vol,low_vol,dqn,90048,2.7366105426634055,384.21795654296875,-218.260009765625,1589.93505859375
high_vol,low_vol,dqn,90049,2.1395537728215723,402.8999938964844,-362.97998046875,1231.6500244140625
high_vol,low_vol,dqn,90050,1.7482317084494965,381.3538513183594,-700.800048828125,3247.75
high_vol,low_vol,dqn,90051,2.837289744864229,437.28717041015625,-362.5650634765625,1879.02001953125
high_vol,low_vol,dqn,90052,3.5535220372064544,441.20513916015625,-246.31982421875,2315.72998046875
high_vol,low_vol,dqn,90053,1.4201099173077214,325.1461486816406,-497.3499755859375,794.364990234375
high_vol,low_vol,dqn,90054,2.359056103982858,348.9410400390625,-224.764892578125,1262.8050537109375
high_vol,low_vol,dqn,90055,2.144568060690992,311.1871643066406,-362.43994140625,1084.9849853515625
high_vol,low_vol,dqn,90056,3.016202667124257,314.6564025878906,-225.3199462890625,1831.510009765625
high_vol,low_vol,ppo,90042,-0.38675889908863703,763.8461303710938,-1258.800048828125,-423.79998779296875
high_vol,low_vol,ppo,90043,0.12770225987319483,573.8563842773438,-1228.280029296875,119.66000366210938
high_vol,low_vol,ppo,90044,-0.28639195876260093,362.30767822265625,-701.0,-162.5
high_vol,low_vol,ppo,90045,0.1265237830427675,488.5128173828125,-789.760009765625,103.70999908447266
high_vol,low_vol,ppo,90046,0.809200476485809,639.2230834960938,-898.0,729.739990234375
high_vol,low_vol,ppo,90047,0.2388671470427447,854.6307983398438,-1382.5,280.70001220703125
high_vol,low_vol,ppo,90048,1.1273193673262052,482.26153564453125,-690.864990234375,748.7550048828125
high_vol,low_vol,ppo,90049,-1.0055528326999716,592.3692016601562,-1844.5599365234375,-961.1699829101562
high_vol,low_vol,ppo,90050,0.6527185433554236,713.8179321289062,-1748.0,1644.0799560546875
high_vol,low_vol,ppo,90051,0.03556438231690475,700.2435913085938,-1278.31494140625,36.084999084472656
high_vol,low_vol,ppo,90052,-0.09165521473691746,723.5897216796875,-1203.5,-92.30000305175781
high_vol,low_vol,ppo,90053,-0.8242928517542709,745.3333129882812,-1307.699951171875,-893.3400268554688
high_vol,low_vol,ppo,90054,0.17730254263742076,655.1384887695312,-1499.239990234375,160.32000732421875
high_vol,low_vol,ppo,90055,0.5615689747247959,751.8666381835938,-1103.9000244140625,611.780029296875
high_vol,low_vol,ppo,90056,-0.572566890188502,811.2307739257812,-1323.0,-582.2999877929688
high_vol,low_vol,qrdqn,90042,3.7472007637696523,254.76153564453125,-104.324951171875,1355.094970703125
high_vol,low_vol,qrdqn,90043,3.021336871793277,256.77435302734375,-207.2200164794922,1118.800048828125
high_vol,low_vol,qrdqn,90044,3.1122341001646228,221.3256378173828,-176.3399658203125,1215.85498046875
high_vol,low_vol,qrdqn,90045,1.9131583591723444,275.4974365234375,-296.09002685546875,1437.2650146484375
high_vol,low_vol,qrdqn,90046,2.224473994771616,280.6205139160156,-267.8699951171875,1130.3299560546875
high_vol,low_vol,qrdqn,90047,3.743963451591978,300.72052001953125,-236.0800018310547,1425.300048828125
high_vol,low_vol,qrdqn,90048,1.5952061011853806,270.77178955078125,-268.5999755859375,728.52001953125
high_vol,low_vol,qrdqn,90049,3.1354797142770714,287.26153564453125,-192.36004638671875,1478.60498046875
high_vol,low_vol,qrdqn,90050,2.044510071653251,256.1564025878906,-404.5250244140625,1818.3699951171875
high_vol,low_vol,qrdqn,90051,4.103760345740801,311.0281982421875,-132.9599609375,1695.2449951171875
high_vol,low_vol,qrdqn,90052,2.930615913760484,286.01025390625,-161.67999267578125,1230.0350341796875
high_vol,low_vol,qrdqn,90053,4.031000128681755,270.9615478515625,-127.87994384765625,1695.3699951171875
high_vol,low_vol,qrdqn,90054,3.1863571017609664,235.994873046875,-167.25,1139.780029296875
high_vol,low_vol,qrdqn,90055,2.391290033989761,245.1974334716797,-178.81002807617188,907.6950073242188
high_vol,low_vol,qrdqn,90056,1.7508163201081197,225.75640869140625,-167.44000244140625,613.72998046875
high_vol,low_vol,iqn,90042,0.0,0.0,0.0,0.0
high_vol,low_vol,iqn,90043,0.044060623210668066,13.84615421295166,-106.5,3.0
high_vol,low_vol,iqn,90044,0.0,0.0,0.0,0.0
high_vol,low_vol,iqn,90045,0.9584715843936062,69.23076629638672,-104.0,140.0
high_vol,low_vol,iqn,90046,-0.9258459752204018,25.64102554321289,-63.0,-51.0
high_vol,low_vol,iqn,90047,0.0,0.0,0.0,0.0
high_vol,low_vol,iqn,90048,0.0,0.0,0.0,0.0
high_vol,low_vol,iqn,90049,0.0,0.0,0.0,0.0
high_vol,low_vol,iqn,90050,1.2143727840745364,578.5205078125,-868.2049560546875,1708.9749755859375
high_vol,low_vol,iqn,90051,0.0,0.0,0.0,0.0
high_vol,low_vol,iqn,90052,0.0,0.0,0.0,0.0
high_vol,low_vol,iqn,90053,0.0,0.0,0.0,0.0
high_vol,low_vol,iqn,90054,0.0,0.0,0.0,0.0
high_vol,low_vol,iqn,90055,0.0,0.0,0.0,0.0
high_vol,low_vol,iqn,90056,-0.7797009437841469,9.743589401245117,-120.0,-56.0
