agent,r2_glft,r2_as,slope_glft,intercept_glft,p_value_glft,n_levels,summary,variant
qrdqn_normal,0.0235425671600931,0.002357565873399,-0.0361764073931984,63.74018213149773,0.5565698560090714,17,GLFT R²=0.024  AS R²=0.002  GLFT slope=-0.036  → NO RECOVERY (R² < 0.3),qrdqn_normal
qrdqn_low_vol,0.8462839006792499,0.7813622480014136,-0.2077174728013757,45.57642642461656,1.732855874348452e-07,17,GLFT R²=0.846  AS R²=0.781  GLFT slope=-0.208  → STRONG RECOVERY (R² > 0.6),qrdqn_low_vol
qrdqn_high_vol,0.1733548384698061,0.3666832183534352,0.3434173704894435,64.66887416400522,0.3528056326324634,7,GLFT R²=0.173  AS R²=0.367  GLFT slope=0.343  → NO RECOVERY (R² < 0.3),qrdqn_high_vol
dqn_normal,0.4520771824620625,0.6241122437226738,0.3445090758566195,46.751622189879335,0.0234150581880214,11,GLFT R²=0.452  AS R²=0.624  GLFT slope=0.345  → WEAK RECOVERY (R² > 0.3),dqn_normal
iqn_normal,0.124560770556795,0.1152291814022358,-0.1125434342611001,78.27045067267476,0.2870459771429092,11,GLFT R²=0.125  AS R²=0.115  GLFT slope=-0.113  → NO RECOVERY (R² < 0.3),iqn_normal
ppo_normal,,,0.0,30.0,,10,GLFT R²=nan  AS R²=nan  GLFT slope=0.000  → INSUFFICIENT DATA,ppo_normal
qrdqn_normal_alpha0.05,0.522238921086268,0.2603552564146701,-0.1012412004969001,67.31995620477923,0.1047093503338996,6,GLFT R²=0.522  AS R²=0.260  GLFT slope=-0.101  → MODERATE RECOVERY (R² > 0.5),qrdqn_normal_alpha0.05
qrdqn_normal_alpha0.10,0.6997350048881118,0.9276697695327916,0.5717253712520809,49.42318635017874,0.0025537413288241,10,GLFT R²=0.700  AS R²=0.928  GLFT slope=0.572  → STRONG RECOVERY (R² > 0.6),qrdqn_normal_alpha0.10
qrdqn_normal_alpha0.50,0.2454568675318149,0.3859704361243133,0.2036523971841667,52.84538907930624,0.1453636246129502,10,GLFT R²=0.245  AS R²=0.386  GLFT slope=0.204  → NO RECOVERY (R² < 0.3),qrdqn_normal_alpha0.50
qrdqn_normal_alpha1.00,0.780063627913705,0.523285809685491,-0.3414886367207334,53.94628196884433,0.0003136567286648,11,GLFT R²=0.780  AS R²=0.523  GLFT slope=-0.341  → STRONG RECOVERY (R² > 0.6),qrdqn_normal_alpha1.00
