variant,agent,regime,recurrent_sharpe_mean,non_recurrent_sharpe_mean,mean_diff,t_p,wilcoxon_p,significantly_different_p05,alpha
qrdqn_normal,qrdqn,normal,1.3387039172509776,4.193589515150373,-2.854885597899396,7.70118978294711e-05,0.0001220703125,True,
qrdqn_low_vol,qrdqn,low_vol,3.0874684707270816,2.853043281039444,0.2344251896876379,0.4410109042782945,0.5614013671875,False,
qrdqn_high_vol,qrdqn,high_vol,0.6440024974509327,1.7926676123880425,-1.1486651149371097,0.0892233817609233,0.27685546875,False,
dqn_normal,dqn,normal,0.34639470080343,3.653042298715583,-3.306647597912152,5.182993578197119e-08,6.103515625e-05,True,
iqn_normal,iqn,normal,0.0137092140521473,0.3450758825981689,-0.3313666685460214,0.4580560783329427,0.5614013671875,False,
ppo_normal,ppo,normal,-0.2356111622376477,-0.2844032804140319,0.0487921181763841,0.9204563646208868,0.638671875,False,
qrdqn_normal_alpha0.05,qrdqn,normal,0.2273493064227513,-0.05843330701626941,0.2857826134390207,0.24147135752323792,0.27685546875,False,0.05
qrdqn_normal_alpha0.10,qrdqn,normal,0.5654081944417318,3.2600984295190734,-2.6946902350773407,3.186367146689878e-06,6.103515625e-05,True,0.1
qrdqn_normal_alpha0.50,qrdqn,normal,2.2867978012634396,-0.9299016530370825,3.216699454300522,1.9810171504188666e-06,0.0001220703125,True,0.5
qrdqn_normal_alpha1.00,qrdqn,normal,0.5375250246346898,-0.10148875340329443,0.6390137780379843,0.22981999060911962,0.22930908203125,False,1.0
